_vaguely_,153966123
_vaguely_,963201732892225536
_vaguely_,2301591728
_vaguely_,1693232984
_vaguely_,334681434
_vaguely_,796321158362763264
_vaguely_,970691585498386434
_vaguely_,127236298
_vaguely_,2414966744
_vaguely_,19570960
_vaguely_,742736123710087168
_vaguely_,3096191721
_vaguely_,4733825941
_vaguely_,4268140697
_vaguely_,1349182464
_vaguely_,3006327202
_vaguely_,762703521913241600
_vaguely_,35611569
_vaguely_,358231514
_vaguely_,621924683
_vaguely_,4112411440
_vaguely_,1249568394
_vaguely_,784918249062404096
_vaguely_,1275345810
_vaguely_,966880779451097092
_vaguely_,987787334983630848
_vaguely_,885583684069470209
_vaguely_,3307959564
_vaguely_,21819332
_vaguely_,277389877
_vaguely_,956535426201931777
_vaguely_,364804401
_vaguely_,951103467002712064
_vaguely_,950998987099668480
_vaguely_,897134626979893248
_vaguely_,816417409087270913
_vaguely_,40720843
_vaguely_,102569103
_vaguely_,934280624902430720
_vaguely_,62043663
_vaguely_,928972372656484353
_vaguely_,894774940087459840
_vaguely_,265602150
_vaguely_,839891959787347968
_vaguely_,777642285634842628
_vaguely_,2986106555
_vaguely_,3379531504
_vaguely_,804224447720910848
_vaguely_,902111507009249280
_vaguely_,124030577
_vaguely_,218225019
_vaguely_,198335595
_vaguely_,485423030
_vaguely_,1322775456
_vaguely_,2444782326
_vaguely_,16191954
_vaguely_,872512884265320448
_vaguely_,2310900359
_vaguely_,2225567881
_vaguely_,710312746353463296
_vaguely_,1849968230
_vaguely_,6606342
_vaguely_,770250456
_vaguely_,53839011
_vaguely_,734825318943469568
_vaguely_,18262382
_vaguely_,754094539883720705
_vaguely_,360352240
_vaguely_,113058875
_vaguely_,752882190619410432
_vaguely_,2176698228
_vaguely_,18357369
_vaguely_,2710200276
_vaguely_,2864398977
_vaguely_,3290404740
_vaguely_,702585821
_vaguely_,50369890
_vaguely_,1602468488
_vaguely_,1677063582
_vaguely_,2706145937
_vaguely_,541815212
_vaguely_,2587895688
_vaguely_,29816798
_vaguely_,243382100
_vaguely_,319495747
_vaguely_,1195498416
_vaguely_,2414624304
_vaguely_,143803264
_vaguely_,1607158698
_vaguely_,2284697816
_vaguely_,508886826
_vaguely_,438671598
_vaguely_,370781645
_vaguely_,2370961896
_vaguely_,1366023522
_vaguely_,1154229426
_vaguely_,317499529
_vaguely_,186646117
_vaguely_,2359631173
_vaguely_,337351181
_vaguely_,1847027131
_vaguely_,852261294
_vaguely_,431661823
_vaguely_,380665731
_vaguely_,2298837799
_vaguely_,1849893044
_vaguely_,251870443
_vaguely_,1408823911
_vaguely_,1226199534
_vaguely_,2287773168
_vaguely_,1639754030
_vaguely_,13688502
_vaguely_,1183791253
_vaguely_,1269163358