_vaguely_,962187663800487937
_vaguely_,127236298
_vaguely_,1388827770
_vaguely_,2301591728
_vaguely_,416800830
_vaguely_,1693232984
_vaguely_,963201732892225536
_vaguely_,334681434
_vaguely_,119804936
_vaguely_,4098544215
_vaguely_,322539565
_vaguely_,1056216386
_vaguely_,187512368
_vaguely_,190877781
_vaguely_,53933574
_vaguely_,744095828013424640
_vaguely_,14699038
_vaguely_,14622002
_vaguely_,20367011
_vaguely_,260022048
_vaguely_,101608829
_vaguely_,24135332
_vaguely_,337325417
_vaguely_,33442941
_vaguely_,135554436
_vaguely_,14677919
_vaguely_,487118986
_vaguely_,981309087764934661
_vaguely_,21059255
_vaguely_,905505009667846144
_vaguely_,970207298
_vaguely_,112445679
_vaguely_,219152305
_vaguely_,1005667025862049792
_vaguely_,2233625141
_vaguely_,14841047
_vaguely_,4733825941
_vaguely_,3096191721
_vaguely_,55418811
_vaguely_,1200985080
_vaguely_,79923701
_vaguely_,1349182464
_vaguely_,138203134
_vaguely_,4275102862
_vaguely_,3131662216
_vaguely_,835176008668102662
_vaguely_,63296944
_vaguely_,1512446430
_vaguely_,10435642
_vaguely_,442237496
_vaguely_,22207520
_vaguely_,63302020
_vaguely_,619278612
_vaguely_,147771570
_vaguely_,309912891
_vaguely_,2538322138
_vaguely_,762703521913241600
_vaguely_,191606313
_vaguely_,742736123710087168
_vaguely_,2801998120
_vaguely_,93054335
_vaguely_,2898355198
_vaguely_,341871198
_vaguely_,866953267
_vaguely_,63178117
_vaguely_,12895942
_vaguely_,22657001
_vaguely_,88830848
_vaguely_,1249568394
_vaguely_,4112411440
_vaguely_,71093106
_vaguely_,68746721
_vaguely_,273418969
_vaguely_,1663172653
_vaguely_,18807671
_vaguely_,555102816
_vaguely_,27958733
_vaguely_,166361173
_vaguely_,56832079
_vaguely_,784918249062404096
_vaguely_,304459767
_vaguely_,17515095
_vaguely_,1096084052
_vaguely_,1550520115
_vaguely_,14554998
_vaguely_,2352660468
_vaguely_,1275345810
_vaguely_,12524622
_vaguely_,267856525
_vaguely_,50875746
_vaguely_,124306015
_vaguely_,12691172
_vaguely_,47269394
_vaguely_,58558405
_vaguely_,313727335
_vaguely_,2155649270
_vaguely_,966880779451097092
_vaguely_,3006327202
_vaguely_,37213193
_vaguely_,1287117139
_vaguely_,3081960929
_vaguely_,322177274
_vaguely_,2924669003
_vaguely_,553729228
_vaguely_,196949018
_vaguely_,1376401838
_vaguely_,26270971
_vaguely_,18033816
_vaguely_,47216804
_vaguely_,40322986
_vaguely_,895350488031531012
_vaguely_,222865265
_vaguely_,1226179488
_vaguely_,885583684069470209
_vaguely_,78194111
_vaguely_,116763916
_vaguely_,14851952
_vaguely_,951439023758856193
_vaguely_,90570043
_vaguely_,185744472
_vaguely_,15786955
_vaguely_,354161158
_vaguely_,19671465
_vaguely_,33318712
_vaguely_,607245696
_vaguely_,24911636
_vaguely_,814917353515417601
_vaguely_,723968170239905793
_vaguely_,840618056678293504
_vaguely_,1118691
_vaguely_,22780471
_vaguely_,3511430425
_vaguely_,252672612
_vaguely_,14434070
_vaguely_,125195753
_vaguely_,4783690002
_vaguely_,20048140
_vaguely_,947834276959215618
_vaguely_,18576378
_vaguely_,5135
_vaguely_,238848438
_vaguely_,1509503772
_vaguely_,11367342
_vaguely_,321792211
_vaguely_,51112072
_vaguely_,2795845802
_vaguely_,2895499182
_vaguely_,4230101712
_vaguely_,418780384
_vaguely_,821877000
_vaguely_,7589432
_vaguely_,143110546
_vaguely_,3400161376
_vaguely_,277389877
_vaguely_,11267242
_vaguely_,798297731961913344
_vaguely_,956535426201931777
_vaguely_,15708421
_vaguely_,409615917
_vaguely_,153912705
_vaguely_,755367
_vaguely_,17013577
_vaguely_,17634892
_vaguely_,321061507
_vaguely_,59512534
_vaguely_,12087912
_vaguely_,115197720
_vaguely_,633
_vaguely_,106365542
_vaguely_,816417409087270913
_vaguely_,20857273
_vaguely_,15011200
_vaguely_,121629520
_vaguely_,783356145670852608
_vaguely_,472587261
_vaguely_,227409825
_vaguely_,88012271
_vaguely_,15538226
_vaguely_,43561191
_vaguely_,46509329
_vaguely_,54290504
_vaguely_,68482209
_vaguely_,79653056
_vaguely_,1051171
_vaguely_,137414410
_vaguely_,7595142
_vaguely_,42467881
_vaguely_,48192034
_vaguely_,20862475
_vaguely_,68906469
_vaguely_,19515674
_vaguely_,26753143
_vaguely_,16686144
_vaguely_,117244757
_vaguely_,827721
_vaguely_,99004419
_vaguely_,15848824
_vaguely_,97650875
_vaguely_,14831475
_vaguely_,19383099
_vaguely_,23403718
_vaguely_,102569103
_vaguely_,808595043560857600
_vaguely_,96770474
_vaguely_,2907774137
_vaguely_,3301582463
_vaguely_,619775337
_vaguely_,2492917412
_vaguely_,19968025
_vaguely_,1894231788
_vaguely_,14843055
_vaguely_,39030654
_vaguely_,16288136
_vaguely_,176235525
_vaguely_,1039531
_vaguely_,9172102
_vaguely_,48737760
_vaguely_,736204423
_vaguely_,733806510
_vaguely_,64844802
_vaguely_,811350
_vaguely_,62043663
_vaguely_,111935889
_vaguely_,67728650
_vaguely_,15414807
_vaguely_,150016842
_vaguely_,4265349922
_vaguely_,776105613688528896
_vaguely_,15787371
_vaguely_,236562313
_vaguely_,9082002
_vaguely_,717389285981335552
_vaguely_,420006387
_vaguely_,265602150
_vaguely_,1396857607
_vaguely_,17003162
_vaguely_,7792742
_vaguely_,52089472
_vaguely_,1095841166
_vaguely_,516875194
_vaguely_,3277928935
_vaguely_,769290094352166912
_vaguely_,33836629
_vaguely_,775449094739197953
_vaguely_,15626406
_vaguely_,173654088
_vaguely_,1536811
_vaguely_,2555225340
_vaguely_,181006121
_vaguely_,38833642
_vaguely_,907337720036458496
_vaguely_,19570075
_vaguely_,38993997
_vaguely_,519912830
_vaguely_,19386108
_vaguely_,275031945
_vaguely_,23462787
_vaguely_,125644689
_vaguely_,30331404
_vaguely_,15093212
_vaguely_,720678337606094848
_vaguely_,906608550423674880
_vaguely_,39398073
_vaguely_,5931882
_vaguely_,117299653
_vaguely_,2079671
_vaguely_,7535362
_vaguely_,1702186999
_vaguely_,14511321
_vaguely_,3501679874
_vaguely_,17631078
_vaguely_,100074406
_vaguely_,5706532
_vaguely_,18275645
_vaguely_,1670554321
_vaguely_,346083895
_vaguely_,1385217079
_vaguely_,90290559
_vaguely_,992151
_vaguely_,15475999
_vaguely_,4433429660
_vaguely_,5633002
_vaguely_,3356531254
_vaguely_,1528307430
_vaguely_,14130366
_vaguely_,281318451
_vaguely_,255617445
_vaguely_,673953
_vaguely_,14339698
_vaguely_,1069971690
_vaguely_,66015468
_vaguely_,62760632
_vaguely_,151595062
_vaguely_,18262382
_vaguely_,14137874
_vaguely_,1132776031
_vaguely_,62438818
_vaguely_,156215353
_vaguely_,14629724
_vaguely_,391466238
_vaguely_,491961731
_vaguely_,46243602
_vaguely_,14587429
_vaguely_,574032254
_vaguely_,18254355
_vaguely_,2915925929
_vaguely_,4490486474
_vaguely_,2207129125
_vaguely_,361289499
_vaguely_,357312062
_vaguely_,125304737
_vaguely_,2312333412
_vaguely_,523066936
_vaguely_,3314904071
_vaguely_,619935959
_vaguely_,124030577
_vaguely_,23001198
_vaguely_,19621110
_vaguely_,2857808626
_vaguely_,159169312
_vaguely_,178235401
_vaguely_,2707141981
_vaguely_,198335595
_vaguely_,2773372290
_vaguely_,218225019
_vaguely_,93069110
_vaguely_,3151421
_vaguely_,460544490
_vaguely_,485423030
_vaguely_,2884229261
_vaguely_,15336340
_vaguely_,282545479
_vaguely_,299081229
_vaguely_,28583197
_vaguely_,8198012
_vaguely_,1394399438
_vaguely_,2979430185
_vaguely_,6579292
_vaguely_,223459075
_vaguely_,2329084345
_vaguely_,1322775456
_vaguely_,1383272101
_vaguely_,3562121415
_vaguely_,763489
_vaguely_,51518017
_vaguely_,348082699
_vaguely_,2444782326
_vaguely_,10226092
_vaguely_,14417563
_vaguely_,3250071326
_vaguely_,21457289
_vaguely_,5854882
_vaguely_,888953536666411009
_vaguely_,560175184
_vaguely_,706477238
_vaguely_,18620306
_vaguely_,14439652
_vaguely_,730495762346319872
_vaguely_,166369152
_vaguely_,1694040764
_vaguely_,16955870
_vaguely_,1347494466
_vaguely_,1714041308
_vaguely_,18140773
_vaguely_,259716338
_vaguely_,553804358
_vaguely_,16709304
_vaguely_,8719482
_vaguely_,717313
_vaguely_,14927297
_vaguely_,77900101
_vaguely_,1972860740
_vaguely_,737733050503553024
_vaguely_,700821269319561216
_vaguely_,338754897
_vaguely_,14209885
_vaguely_,1227920058
_vaguely_,43192807
_vaguely_,17565514
_vaguely_,424105723
_vaguely_,57046779
_vaguely_,162441059
_vaguely_,2777453389
_vaguely_,174420619
_vaguely_,571202103
_vaguely_,8131272
_vaguely_,20817363
_vaguely_,5741722
_vaguely_,14606079
_vaguely_,16129526
_vaguely_,17071048
_vaguely_,22642788
_vaguely_,96666224
_vaguely_,14381020
_vaguely_,21569251
_vaguely_,14982804
_vaguely_,546076148
_vaguely_,18499574
_vaguely_,942627379
_vaguely_,710312746353463296
_vaguely_,770250456
_vaguely_,53839011
_vaguely_,3701125272
_vaguely_,28825574
_vaguely_,39551364
_vaguely_,26259576
_vaguely_,5718162
_vaguely_,7058202
_vaguely_,194653605
_vaguely_,8442372
_vaguely_,6606342
_vaguely_,19595287
_vaguely_,93498250
_vaguely_,532406707
_vaguely_,309236605
_vaguely_,55458502
_vaguely_,46487941
_vaguely_,15670515
_vaguely_,37025150
_vaguely_,16930986
_vaguely_,180866027
_vaguely_,21789117
_vaguely_,1344951
_vaguely_,734825318943469568
_vaguely_,3857068093
_vaguely_,720685634461917184
_vaguely_,135226568
_vaguely_,288051173
_vaguely_,2590272732
_vaguely_,2565589034
_vaguely_,2858533652
_vaguely_,106109075
_vaguely_,866670247
_vaguely_,3121003429
_vaguely_,2977097878
_vaguely_,3379531504
_vaguely_,3378978803
_vaguely_,3379620964
_vaguely_,2724433218
_vaguely_,2836891537
_vaguely_,16700346
_vaguely_,742143
_vaguely_,51241574
_vaguely_,428333
_vaguely_,807095
_vaguely_,5988062
_vaguely_,17004618
_vaguely_,303862998
_vaguely_,23476681
_vaguely_,2663858912
_vaguely_,71895597
_vaguely_,113058875
_vaguely_,3054317528
_vaguely_,15865878
_vaguely_,14706139
_vaguely_,14073364
_vaguely_,20715095
_vaguely_,14885549
_vaguely_,691353
_vaguely_,13982132
_vaguely_,82689705
_vaguely_,7514802
_vaguely_,876624356
_vaguely_,753507897024229376
_vaguely_,354213711
_vaguely_,753463641064640512
_vaguely_,110866649
_vaguely_,34387624
_vaguely_,164817996
_vaguely_,6490642
_vaguely_,28180275
_vaguely_,2384934740
_vaguely_,3044963881
_vaguely_,158822297
_vaguely_,746687526
_vaguely_,714758552
_vaguely_,35854783
_vaguely_,52089924
_vaguely_,25119726
_vaguely_,160550152
_vaguely_,601903106
_vaguely_,745333353008799744
_vaguely_,242815499
_vaguely_,557052646
_vaguely_,50396893
_vaguely_,36441421
_vaguely_,259948061
_vaguely_,15220473
_vaguely_,3379043519
_vaguely_,188934427
_vaguely_,2176698228
_vaguely_,69215858
_vaguely_,1424721133
_vaguely_,103050805
_vaguely_,3396030796
_vaguely_,2650407927
_vaguely_,87359651
_vaguely_,52789743
_vaguely_,1117836660
_vaguely_,184128260
_vaguely_,50369890
_vaguely_,452218563
_vaguely_,702585821
_vaguely_,2710200276
_vaguely_,60462070
_vaguely_,39357410
_vaguely_,208818498
_vaguely_,2272609824
_vaguely_,72010221
_vaguely_,2419520911
_vaguely_,56164952
_vaguely_,1602468488
_vaguely_,29280436
_vaguely_,319495747
_vaguely_,243382100
_vaguely_,1849968230
_vaguely_,322927667
_vaguely_,43646370
_vaguely_,604844194
_vaguely_,614198901
_vaguely_,147161297
_vaguely_,16685316
_vaguely_,1128543122
_vaguely_,846245360
_vaguely_,2189503302
_vaguely_,370781645
_vaguely_,19330667
_vaguely_,2370961896
_vaguely_,438671598
_vaguely_,386346204
_vaguely_,26586737
_vaguely_,317499529
_vaguely_,2339577896
_vaguely_,57899028
_vaguely_,252874958
_vaguely_,21713274
_vaguely_,56265051
_vaguely_,951863334
_vaguely_,860119476
_vaguely_,177091214
_vaguely_,186646117
_vaguely_,14926475
_vaguely_,423101990
_vaguely_,337351181
_vaguely_,1509289459
_vaguely_,1677063582
_vaguely_,14055744
_vaguely_,577617163
_vaguely_,852261294
_vaguely_,1847027131
_vaguely_,288541558
_vaguely_,159329245
_vaguely_,431661823
_vaguely_,864958705
_vaguely_,53297035
_vaguely_,1673999317
_vaguely_,16821478
_vaguely_,20747011
_vaguely_,360352240
_vaguely_,524849997
_vaguely_,366171198
_vaguely_,885941310
_vaguely_,2295903604
_vaguely_,805735506
_vaguely_,381889945
_vaguely_,50393960
_vaguely_,169686021
_vaguely_,158128894
_vaguely_,1325855443
_vaguely_,1408823911
_vaguely_,17243213
_vaguely_,18667907
_vaguely_,200163448
_vaguely_,232442457
_vaguely_,722362754
_vaguely_,88364040
_vaguely_,386897482
_vaguely_,503876512
_vaguely_,29157944
_vaguely_,1226199534
_vaguely_,44039298
_vaguely_,115485051
_vaguely_,224394618
_vaguely_,628673553
_vaguely_,948886646
_vaguely_,948898718
_vaguely_,1431607663
_vaguely_,1424446416
_vaguely_,78101029
_vaguely_,1607158698
_vaguely_,730933608
_vaguely_,1728907820
_vaguely_,1849893044
_vaguely_,1850330191
_vaguely_,508886826
_vaguely_,2262453963
_vaguely_,569495749
_vaguely_,116079820
_vaguely_,251870443
_vaguely_,533537916
_vaguely_,2290427067
_vaguely_,380665731
_vaguely_,1944497983
_vaguely_,1195498416
_vaguely_,1857975115
_vaguely_,2303215476
_vaguely_,1973713256
_vaguely_,764478080
_vaguely_,2245683265
_vaguely_,1868789689
_vaguely_,2326321320
_vaguely_,605096038
_vaguely_,1584446095
_vaguely_,31613995
_vaguely_,142232087
_vaguely_,273756837
_vaguely_,1269163358
_vaguely_,302355837
_vaguely_,10228272
_vaguely_,1639754030
_vaguely_,84786801
_vaguely_,24980246
_vaguely_,20798630
_vaguely_,17388955
_vaguely_,789719732
_vaguely_,299996346
_vaguely_,187844221
_vaguely_,392486664
_vaguely_,402179097
_vaguely_,35611569
_vaguely_,21904217
_vaguely_,25387735
_vaguely_,17525171
_vaguely_,78805110
_vaguely_,12369372
_vaguely_,94513741
_vaguely_,19565656
_vaguely_,15214543
_vaguely_,3108351
_vaguely_,813286
_vaguely_,180055456
_vaguely_,54964162
_vaguely_,541815212
_vaguely_,28943809
_vaguely_,33879038
_vaguely_,255529539
_vaguely_,29197414
_vaguely_,13688502
_vaguely_,176895064
_vaguely_,1618615921
_vaguely_,212076446
_vaguely_,50080723
_vaguely_,16535953
_vaguely_,19256685
_vaguely_,17681513
_vaguely_,21097230
_vaguely_,58169383